name,code,continent
Canada,CA,North America
United States,US,North America
Mexico,MX,North America
Antigua and Barbuda,AG,North America
Bahamas,BS,North America
Guatemala,GT,North America
Belize,BZ,North America
Honduras,HN,North America
El Salvador,SV,North America
Nicaragua,NI,North America
Costa Rica,CR,North America
Panama,PA,North America
Barbados,BB,North America
Cuba,CU,North America
Dominica,DM,North America
Dominican Republic,DO,North America
Grenada,GD,North America
Haiti,HT,North America
Saint Kitts and Nevis,KN,North America
Saint Lucia,LC,North America
Saint Vincent and the Grenadines,VC,North America
Trinidad and Tobago,TT,North America
Jamaica,JM,North America